back_team,countrie,datetime,event_link,home_team,status,timestamp
Santos,Brasil - Brasileirão Série A,21/06/17 16:30:00,https://www.academiadasapostasbrasil.com/stats/match/brasil/brasileirao-serie-a/vitoria/santos/2419053,Vitória,Terminado,1498073400
Atlético GO,Brasil - Brasileirão Série A,21/06/17 18:00:00,https://www.academiadasapostasbrasil.com/stats/match/brasil/brasileirao-serie-a/palmeiras/atletico-go/2419048,Palmeiras,Terminado,1498078800
São Paulo,Brasil - Brasileirão Série A,21/06/17 18:45:00,https://www.academiadasapostasbrasil.com/stats/match/brasil/brasileirao-serie-a/atletico-pr/sao-paulo/2419051,Atlético PR,Terminado,1498081500
Portugal,Mundo - Copa das Confederações,21/06/17 09:00:00,https://www.academiadasapostasbrasil.com/stats/match/mundo/copa-das-confederacoes/russia/portugal/2166012,Rússia,Terminado,1498046400
Nova Zelândia,Mundo - Copa das Confederações,21/06/17 12:00:00,https://www.academiadasapostasbrasil.com/stats/match/mundo/copa-das-confederacoes/mexico/nova-zelandia/2166013,México,Terminado,1498057200
Vasco,Brasil - Brasileirão Série A,21/06/17 18:00:00,https://www.academiadasapostasbrasil.com/stats/match/brasil/brasileirao-serie-a/botafogo/vasco/2419046,Botafogo,Terminado,1498078800
Sport,Brasil - Brasileirão Série A,21/06/17 18:45:00,https://www.academiadasapostasbrasil.com/stats/match/brasil/brasileirao-serie-a/atletico-mg/sport/2419050,Atlético MG,Terminado,1498081500
Fluminense,Brasil - Brasileirão Série A,21/06/17 18:45:00,https://www.academiadasapostasbrasil.com/stats/match/brasil/brasileirao-serie-a/avai/fluminense/2419055,Avaí,Terminado,1498081500
Arsenal,Argentina - Campeonato Argentino,21/06/17 14:00:00,https://www.academiadasapostasbrasil.com/stats/match/argentina/campeonato-argentino/quilmes/arsenal-de-sarandi/2328523,Quilmes,Terminado,1498064400
Def y Justicia,Argentina - Campeonato Argentino,21/06/17 15:30:00,https://www.academiadasapostasbrasil.com/stats/match/argentina/campeonato-argentino/temperley/defensa-y-justicia/2328519,Temperley,Terminado,1498069800
Colón,Argentina - Campeonato Argentino,21/06/17 16:10:00,https://www.academiadasapostasbrasil.com/stats/match/argentina/campeonato-argentino/racing/colon/2328515,Racing,Terminado,1498072200
Boca,Argentina - Campeonato Argentino,21/06/17 16:45:00,https://www.academiadasapostasbrasil.com/stats/match/argentina/campeonato-argentino/olimpo/boca-juniors/2328528,Olimpo,Terminado,1498074300
Aldosivi,Argentina - Campeonato Argentino,21/06/17 18:30:00,https://www.academiadasapostasbrasil.com/stats/match/argentina/campeonato-argentino/river-plate/aldosivi/2328514,River Plate,Terminado,1498080600
Itália U21,Europa - Campeonato UEFA Sub21,21/06/17 10:00:00,https://www.academiadasapostasbrasil.com/stats/match/europa/campeonato-uefa-sub21/republica-checa-sub21/italia-sub21/2378421,Rep Tcheca U21,Terminado,1498050000
Dinamarca U21,Europa - Campeonato UEFA Sub21,21/06/17 12:45:00,https://www.academiadasapostasbrasil.com/stats/match/europa/campeonato-uefa-sub21/alemanha-sub21/dinamarca-sub21/2378422,Alemanha U21,Terminado,1498059900
Zanaco,África - Liga dos Campeões da África,21/06/17 08:00:00,https://www.academiadasapostasbrasil.com/stats/match/africa/liga-dos-campeoes-da-africa/cotonsport/zanaco/2447360,Cotonsport,Terminado,1498042800
ES Sahel,África - Liga dos Campeões da África,21/06/17 13:00:00,https://www.academiadasapostasbrasil.com/stats/match/africa/liga-dos-campeoes-da-africa/al-hilal-omdurman/etoile-sportive-du-sahel/2447329,Hilal Omdurman,Terminado,1498060800
CAPS,África - Liga dos Campeões da África,21/06/17 15:00:00,https://www.academiadasapostasbrasil.com/stats/match/africa/liga-dos-campeoes-da-africa/al-ahli-tripoli/caps-united/2447340,Ahli Tripoli,Terminado,1498068000
Mamelodi,África - Liga dos Campeões da África,21/06/17 15:00:00,https://www.academiadasapostasbrasil.com/stats/match/africa/liga-dos-campeoes-da-africa/esperance-de-tunis/mamelodi-sundowns/2447349,Tunis,Terminado,1498068000
Zamalek,África - Liga dos Campeões da África,21/06/17 16:00:00,https://www.academiadasapostasbrasil.com/stats/match/africa/liga-dos-campeoes-da-africa/usm-alger/zamalek/2447339,USM Alger,Terminado,1498071600
Sfax,África - Copa das Confederações Africanas,21/06/17 11:00:00,https://www.academiadasapostasbrasil.com/stats/match/africa/copa-das-confederacoes-africanas/platinum-stars/cs-sfaxien/2447386,Platinum,Terminado,1498053600
Alianza Atl.,Peru - Primera Division,21/06/17 18:00:00,https://www.academiadasapostasbrasil.com/stats/match/peru/primera-division/universitario-lima/alianza-atletico/2457499,Universitario,Terminado,1498078800
Getafe,Espanha - Liga Adelante,21/06/17 13:00:00,https://www.academiadasapostasbrasil.com/stats/match/espanha/liga-adelante/tenerife/getafe/2466193,Tenerife,Terminado,1498060800
Atlanta United,Estados Unidos - Major League Soccer,21/06/17 17:30:00,https://www.academiadasapostasbrasil.com/stats/match/estados-unidos/major-league-soccer/dc-united/atlanta-united/2394148,DC United,Terminado,1498077000
Portland,Estados Unidos - Major League Soccer,21/06/17 18:00:00,https://www.academiadasapostasbrasil.com/stats/match/estados-unidos/major-league-soccer/minnesota-united/portland-timbers/2394149,Minnesota,Terminado,1498078800
Galaxy,Estados Unidos - Major League Soccer,21/06/17 19:00:00,https://www.academiadasapostasbrasil.com/stats/match/estados-unidos/major-league-soccer/colorado-rapids/los-angeles-galaxy/2394147,Colorado,Terminado,1498082400
Orlando,Estados Unidos - Major League Soccer,21/06/17 20:30:00,https://www.academiadasapostasbrasil.com/stats/match/estados-unidos/major-league-soccer/seattle-sounders/orlando-city/2394150,Sounders,Terminado,1498087800
KuPS,Finlândia - Veikkausliiga,21/06/17 09:30:00,https://www.academiadasapostasbrasil.com/stats/match/finlandia/veikkausliiga/inter-turku/kups/2398710,Inter Turku,Terminado,1498048200
Lahti,Finlândia - Veikkausliiga,21/06/17 09:30:00,https://www.academiadasapostasbrasil.com/stats/match/finlandia/veikkausliiga/ps-kemi/lahti/2398711,Kemi,Terminado,1498048200
HIFK,Finlândia - Veikkausliiga,21/06/17 09:30:00,https://www.academiadasapostasbrasil.com/stats/match/finlandia/veikkausliiga/jjk/hifk/2398712,JJK,Terminado,1498048200
Åsane,Noruega - NM Cupen,21/06/17 10:00:00,https://www.academiadasapostasbrasil.com/stats/match/noruega/nm-cupen/jerv/asane/2457666,Jerv,Terminado,1498050000
Nueva Chicago,Argentina - Primera B Nacional,21/06/17 11:30:00,https://www.academiadasapostasbrasil.com/stats/match/argentina/primera-b-nacional/juventud-unida-g/nueva-chicago/2343651,Juventud UG,Terminado,1498055400
Estudiantes SL,Argentina - Primera B Nacional,21/06/17 12:30:00,https://www.academiadasapostasbrasil.com/stats/match/argentina/primera-b-nacional/almagro/estudiantes-de-san-luis/2343645,Almagro,Terminado,1498059000
SM Tucumán,Argentina - Primera B Nacional,21/06/17 12:30:00,https://www.academiadasapostasbrasil.com/stats/match/argentina/primera-b-nacional/boca-unidos/san-martin-de-tucuman/2343647,Boca Unidos,Terminado,1498059000
Villa Dálmine,Argentina - Primera B Nacional,21/06/17 17:00:00,https://www.academiadasapostasbrasil.com/stats/match/argentina/primera-b-nacional/all-boys/villa-dalmine/2343643,All Boys,Terminado,1498075200
Douglas Haig,Argentina - Primera B Nacional,21/06/17 17:00:00,https://www.academiadasapostasbrasil.com/stats/match/argentina/primera-b-nacional/ferro-carril/douglas-haig/2343644,Ferro,Terminado,1498075200
Chacarita,Argentina - Primera B Nacional,21/06/17 18:00:00,https://www.academiadasapostasbrasil.com/stats/match/argentina/primera-b-nacional/independiente-rivadavia/chacarita-juniors/2343648,Independiente,Terminado,1498078800
Toronto,Canadá - Canadian Championship,21/06/17 17:30:00,https://www.academiadasapostasbrasil.com/stats/match/canada/canadian-championship/montreal-impact/toronto/2421484,Montreal,Terminado,1498077000
Atlantas,Lituânia - A Lyga,21/06/17 09:00:00,https://www.academiadasapostasbrasil.com/stats/match/lituania/a-lyga/suduva-marijampole/atlantas-klaipeda/2417134,Sūduva,Terminado,1498046400
Utenis,Lituânia - A Lyga,21/06/17 11:00:00,https://www.academiadasapostasbrasil.com/stats/match/lituania/a-lyga/trakai/utenis-utena/2417135,Trakai,Terminado,1498053600
Dragons,Coreia do Sul - K-League,21/06/17 04:00:00,https://www.academiadasapostasbrasil.com/stats/match/coreia-do-sul/k-league/sangju-sangmu/chunnam-dragons/2396596,Sangju,Terminado,1498028400
Suwon,Coreia do Sul - K-League,21/06/17 04:00:00,https://www.academiadasapostasbrasil.com/stats/match/coreia-do-sul/k-league/gwangju/suwon-bluewings/2396597,Gwangju,Terminado,1498028400
Gangwon,Coreia do Sul - K-League,21/06/17 04:00:00,https://www.academiadasapostasbrasil.com/stats/match/coreia-do-sul/k-league/jeonbuk-motors/gangwon/2396598,Jeonbuk Motors,Terminado,1498028400
Jeju Utd,Coreia do Sul - K-League,21/06/17 04:30:00,https://www.academiadasapostasbrasil.com/stats/match/coreia-do-sul/k-league/ulsan-horang-i/jeju-united/2396599,Ulsan,Terminado,1498030200
Daegu,Coreia do Sul - K-League,21/06/17 04:30:00,https://www.academiadasapostasbrasil.com/stats/match/coreia-do-sul/k-league/seoul/daegu/2396600,Seoul,Terminado,1498030200
Pohang,Coreia do Sul - K-League,21/06/17 04:30:00,https://www.academiadasapostasbrasil.com/stats/match/coreia-do-sul/k-league/incheon-united/pohang-steelers/2396601,Incheon Utd,Terminado,1498030200
Trenčín,Mundo - Amistosos,21/06/17 03:00:00,https://www.academiadasapostasbrasil.com/stats/match/mundo/amistosos/zilina/trencin/2466222,Žilina,Terminado,1498024800
Yenisey,Mundo - Amistosos,21/06/17 05:00:00,https://www.academiadasapostasbrasil.com/stats/match/mundo/amistosos/spartak-moskva-ii/yenisey/2466223,Spartak M II,Terminado,1498032000
Tambov,Mundo - Amistosos,21/06/17 05:00:00,https://www.academiadasapostasbrasil.com/stats/match/mundo/amistosos/zenit-izhevsk/tambov/2466227,Zenit Izh,Terminado,1498032000
Sundsvall,Mundo - Amistosos,21/06/17 07:00:00,https://www.academiadasapostasbrasil.com/stats/match/mundo/amistosos/hammarby/gif-sundsvall/2462734,Hammarby,Terminado,1498039200
Chernomorets,Mundo - Amistosos,21/06/17 07:00:00,https://www.academiadasapostasbrasil.com/stats/match/mundo/amistosos/krasnodar/cherno-novorosisk/2466195,Krasnodar,Terminado,1498039200
Khimki,Mundo - Amistosos,21/06/17 07:00:00,https://www.academiadasapostasbrasil.com/stats/match/mundo/amistosos/tosno/khimki/2466224,Tosno,Terminado,1498039200
Tyumen,Mundo - Amistosos,21/06/17 07:00:00,https://www.academiadasapostasbrasil.com/stats/match/mundo/amistosos/kamaz/tyumen/2466226,KAMAZ,Terminado,1498039200
Viktoria Plzeň,Mundo - Amistosos,21/06/17 09:00:00,https://www.academiadasapostasbrasil.com/stats/match/mundo/amistosos/rokycany/viktoria-plzen/2458576,Rokycany,Terminado,1498046400
AEL,Mundo - Amistosos,21/06/17 09:00:00,https://www.academiadasapostasbrasil.com/stats/match/mundo/amistosos/botev-plovdiv/ael-limassol/2466256,Botev,Terminado,1498046400
Inter,Mundo - Amistosos,21/06/17 09:00:00,https://www.academiadasapostasbrasil.com/stats/match/mundo/amistosos/fehervar/inter-zapresic/2466257,Videoton,Terminado,1498046400
Iaşi,Mundo - Amistosos,21/06/17 09:00:00,https://www.academiadasapostasbrasil.com/stats/match/mundo/amistosos/petrocub/csm-iasi/2479174,Rapid-2 Petrocub,Terminado,1498046400
Kapfenberg,Mundo - Amistosos,21/06/17 10:00:00,https://www.academiadasapostasbrasil.com/stats/match/mundo/amistosos/wolfsberger-ac/kapfenberg/2463602,WAC,Terminado,1498050000
Vardar,Mundo - Amistosos,21/06/17 10:00:00,https://www.academiadasapostasbrasil.com/stats/match/mundo/amistosos/admira/vardar-skopje/2463649,Admira,Terminado,1498050000
Dinamo,Mundo - Amistosos,21/06/17 10:00:00,https://www.academiadasapostasbrasil.com/stats/match/mundo/amistosos/osijek/dinamo-bucareste/2465303,Osijek,Terminado,1498050000
Hallescher FC,Mundo - Amistosos,21/06/17 10:00:00,https://www.academiadasapostasbrasil.com/stats/match/mundo/amistosos/rossbach/hallescher/2466503,Roßbach,Terminado,1498050000
Schwaz,Mundo - Amistosos,21/06/17 10:00:00,https://www.academiadasapostasbrasil.com/stats/match/mundo/amistosos/wacker-innsbruck/schwaz/2467208,Wacker,Terminado,1498050000
Bochum,Mundo - Amistosos,21/06/17 10:30:00,https://www.academiadasapostasbrasil.com/stats/match/mundo/amistosos/grumerbaum/bochum/2458056,Grümerbaum,Terminado,1498051800
Gonsenheim,Mundo - Amistosos,21/06/17 10:30:00,https://www.academiadasapostasbrasil.com/stats/match/mundo/amistosos/wehen-wiesbaden/gonsenheim/2458367,Wiesbaden,Terminado,1498051800
Slavia,Mundo - Amistosos,21/06/17 10:30:00,https://www.academiadasapostasbrasil.com/stats/match/mundo/amistosos/salzburg/slavia-praga/2459913,Salzburg,Cancelado,1498051800
Schweinfurt,Mundo - Amistosos,21/06/17 10:30:00,https://www.academiadasapostasbrasil.com/stats/match/mundo/amistosos/hassfurt/schweinfurt/2466500,Haßfurt,Terminado,1498051800
Vasas,Mundo - Amistosos,21/06/17 11:00:00,https://www.academiadasapostasbrasil.com/stats/match/mundo/amistosos/sturm-graz/budapesti-vasas/2459004,Sturm,Terminado,1498053600
Chemnitz,Mundo - Amistosos,21/06/17 11:00:00,https://www.academiadasapostasbrasil.com/stats/match/mundo/amistosos/barkas-frankenberg/chemnitzer/2466137,Barkas Frankenberg,Terminado,1498053600
1860 München,Mundo - Amistosos,21/06/17 11:00:00,https://www.academiadasapostasbrasil.com/stats/match/mundo/amistosos/pullach/munique-1860/2471746,Pullach,Terminado,1498053600
Antwerp,Mundo - Amistosos,21/06/17 11:30:00,https://www.academiadasapostasbrasil.com/stats/match/mundo/amistosos/brasschaat/antwerp/2466288,Brasschaat,Terminado,1498055400
P Siedlce,Mundo - Amistosos,21/06/17 18:00:00,https://www.academiadasapostasbrasil.com/stats/match/mundo/amistosos/wisla-plock/pogon-siedlce/2461774,Wisła Płock,Cancelado,1498078800
Macuácua,Moçambique - Moçambola,21/06/17 07:00:00,https://www.academiadasapostasbrasil.com/stats/match/mocambique/mocambola/desportivo-nacala/macuacua/2464377,Nacala,Terminado,1498039200
Ferro Maputo,Moçambique - Moçambola,21/06/17 07:00:00,https://www.academiadasapostasbrasil.com/stats/match/mocambique/mocambola/vilankulo/ferroviario/2464380,Vilankulo,Terminado,1498039200
Ferro Nampula,Moçambique - Moçambola,21/06/17 07:00:00,https://www.academiadasapostasbrasil.com/stats/match/mocambique/mocambola/cd-costa-do-sol/nampula/2464381,Costa do Sol,Terminado,1498039200
1° de Maio,Moçambique - Moçambola,21/06/17 07:00:00,https://www.academiadasapostasbrasil.com/stats/match/mocambique/mocambola/chibuto/1-de-maio/2464383,Chibuto,Terminado,1498039200
Ferro Nacala,Moçambique - Moçambola,21/06/17 07:00:00,https://www.academiadasapostasbrasil.com/stats/match/mocambique/mocambola/textafrica/ferroviario-nacala/2464384,Textáfrica,Terminado,1498039200
Dnepr,Bielorrússia - Premier League,21/06/17 10:00:00,https://www.academiadasapostasbrasil.com/stats/match/bielorrussia/premier-league/slavia/dnepr-mogilev/2413031,Slavia,Terminado,1498050000
Vitebsk,Bielorrússia - Premier League,21/06/17 10:30:00,https://www.academiadasapostasbrasil.com/stats/match/bielorrussia/premier-league/isloch/vitebsk/2413032,Isloch,Terminado,1498051800
Guayaquil City FC,Equador - Primera A,21/06/17 11:00:00,https://www.academiadasapostasbrasil.com/stats/match/equador/primera-a/universidad-catolica/guayaquil-city-fc/2397839,Católica,Terminado,1498053600
Neman,Bielorrússia - Premier League,21/06/17 11:00:00,https://www.academiadasapostasbrasil.com/stats/match/bielorrussia/premier-league/dinamo-brest/neman-grodno/2413028,Dinamo Brest,Terminado,1498053600
Emelec,Equador - Primera A,21/06/17 11:30:00,https://www.academiadasapostasbrasil.com/stats/match/equador/primera-a/macara/emelec/2397842,Macará,Terminado,1498055400
La Guaira,Venezuela - Primera Division,21/06/17 15:00:00,https://www.academiadasapostasbrasil.com/stats/match/venezuela/primera-division/caracas/deportivo-la-guaira/2462719,Caracas,Terminado,1498068000
Monagas,Venezuela - Primera Division,21/06/17 17:39:00,https://www.academiadasapostasbrasil.com/stats/match/venezuela/primera-division/carabobo/monagas/2462717,Carabobo,Terminado,1498077540
Strongest,Bolívia - Primera Division,21/06/17 18:00:00,https://www.academiadasapostasbrasil.com/stats/match/bolivia/primera-division/nacional-potosi/the-strongest/2417708,N Potosí,Terminado,1498078800
Barcelona,Equador - Primera A,21/06/17 18:15:00,https://www.academiadasapostasbrasil.com/stats/match/equador/primera-a/ldu/barcelona-guayaquil/2397775,LDU Quito,Terminado,1498079700
Switchbacks,Estados Unidos - USL,21/06/17 18:30:00,https://www.academiadasapostasbrasil.com/stats/match/estados-unidos/usl/swope-park-rangers/colorado-springs/2406070,Swope Park,Terminado,1498080600
Global,Cingapura - Singapore Cup,21/06/17 06:30:00,https://www.academiadasapostasbrasil.com/stats/match/cingapura/singapore-cup/geylang-united/global-/2450846,Geylang,Terminado,1498037400
Imavere Forss,Estônia - Copa,21/06/17 09:00:00,https://www.academiadasapostasbrasil.com/stats/match/estonia/copa/noorus-96/imavere-forss/2458327,Noorus,Terminado,1498046400
Tääksi ,Estônia - Copa,21/06/17 10:00:00,https://www.academiadasapostasbrasil.com/stats/match/estonia/copa/vaatsa-vald/taaksi-/2458329,Väätsa Vald,Terminado,1498050000
Wolves,Estônia - Copa,21/06/17 10:00:00,https://www.academiadasapostasbrasil.com/stats/match/estonia/copa/transferwise/tallinna-wolves/2458330,TransferWise,Terminado,1498050000
JK Jalgpallihaigla,Estônia - Copa,21/06/17 10:00:00,https://www.academiadasapostasbrasil.com/stats/match/estonia/copa/otepaa/jk-jalgpallihaigla/2458332,Otepää,Terminado,1498050000
JK RTT,Estônia - Copa,21/06/17 10:00:00,https://www.academiadasapostasbrasil.com/stats/match/estonia/copa/kadakas/raudteetoolised/2458333,Kadakas,Terminado,1498050000
Hiiu United,Estônia - Copa,21/06/17 10:00:00,https://www.academiadasapostasbrasil.com/stats/match/estonia/copa/paide/hiiu-united/2458334,Paide,Terminado,1498050000
Welco,Estônia - Copa,21/06/17 10:00:00,https://www.academiadasapostasbrasil.com/stats/match/estonia/copa/raplamaa/tartu-welco/2458336,Raplamaa,Terminado,1498050000
K-Järve,Estônia - Copa,21/06/17 10:00:00,https://www.academiadasapostasbrasil.com/stats/match/estonia/copa/rakvere-tarvas-ii/k-jarve-jk-jarve/2458339,Rakvere Tarvas II,Terminado,1498050000
Eston Villa,Estônia - Copa,21/06/17 10:00:00,https://www.academiadasapostasbrasil.com/stats/match/estonia/copa/tartu/eston-villa/2458342,Tartu,Terminado,1498050000
Lootos,Estônia - Copa,21/06/17 10:00:00,https://www.academiadasapostasbrasil.com/stats/match/estonia/copa/kadrina-sk-moe/lootos/2458344,Kadrina SK Moe,Terminado,1498050000
Ganvix,Estônia - Copa,21/06/17 10:00:00,https://www.academiadasapostasbrasil.com/stats/match/estonia/copa/fcp-parnu/ganvix/2458345,FCP Pärnu,Terminado,1498050000
Rasmus Värki,Estônia - Copa,21/06/17 10:00:00,https://www.academiadasapostasbrasil.com/stats/match/estonia/copa/saue/rasmus-varki/2458348,Saue,Terminado,1498050000
Elbato,Estônia - Copa,21/06/17 10:00:00,https://www.academiadasapostasbrasil.com/stats/match/estonia/copa/lihula/elbato/2458350,Lihula,Terminado,1498050000
Viimsi Lõvid,Estônia - Copa,21/06/17 10:00:00,https://www.academiadasapostasbrasil.com/stats/match/estonia/copa/tartu-ulikool-fauna/viimsi-lovid/2458351,Tartu Ülikool Fauna,Terminado,1498050000
Igiliikur,Estônia - Copa,21/06/17 10:00:00,https://www.academiadasapostasbrasil.com/stats/match/estonia/copa/molycorp-silmet/igiliikur/2458364,Molycorp,Terminado,1498050000
Kuusalu Rada,Estônia - Copa,21/06/17 10:30:00,https://www.academiadasapostasbrasil.com/stats/match/estonia/copa/navi/kuusalu-jk-rada/2458335,Navi,Terminado,1498051800
Vastseliina,Estônia - Copa,21/06/17 10:30:00,https://www.academiadasapostasbrasil.com/stats/match/estonia/copa/flora-iii/vastseliina-tannem/2458338,Flora III,Terminado,1498051800
Joker,Estônia - Copa,21/06/17 11:00:00,https://www.academiadasapostasbrasil.com/stats/match/estonia/copa/kose/joker/2458337,Kose,Terminado,1498053600
Olympic,Estônia - Copa,21/06/17 11:00:00,https://www.academiadasapostasbrasil.com/stats/match/estonia/copa/tammeka-ii/olympic/2458347,Luunja,Terminado,1498053600
Åland Utd,Finlândia - Naistenliiga,21/06/17 09:00:00,https://www.academiadasapostasbrasil.com/stats/match/finlandia/naistenliiga/gbk/aland-united/2399554,GBK,Terminado,1498046400
ONS,Finlândia - Naistenliiga,21/06/17 09:00:00,https://www.academiadasapostasbrasil.com/stats/match/finlandia/naistenliiga/tps/ons/2399555,TPS,Terminado,1498046400
Ilves,Finlândia - Naistenliiga,21/06/17 10:00:00,https://www.academiadasapostasbrasil.com/stats/match/finlandia/naistenliiga/pallokissat/ilves/2399556,Pallokissat,Terminado,1498050000
JyPK,Finlândia - Naistenliiga,21/06/17 10:00:00,https://www.academiadasapostasbrasil.com/stats/match/finlandia/naistenliiga/honka/jypk/2399557,Honka,Terminado,1498050000
HJK,Finlândia - Naistenliiga,21/06/17 10:00:00,https://www.academiadasapostasbrasil.com/stats/match/finlandia/naistenliiga/pk-35-vantaa/hjk-helsinki/2399558,PK-35 Vantaa,Terminado,1498050000
Kindermann,Brasil - Brasileiro Women,21/06/17 12:00:00,https://www.academiadasapostasbrasil.com/stats/match/brasil/brasileiro-women/rio-preto/kindermann/2419442,Rio Preto,Terminado,1498057200
Osasco Audax,Brasil - Brasileiro Women,21/06/17 14:00:00,https://www.academiadasapostasbrasil.com/stats/match/brasil/brasileiro-women/santos/osasco-audax/2419440,Santos,Terminado,1498064400
Flamengo,Brasil - Brasileiro Women,21/06/17 18:00:00,https://www.academiadasapostasbrasil.com/stats/match/brasil/brasileiro-women/iranduba/flamengo/2419441,Iranduba,Terminado,1498078800
Stabæk,Noruega - Kvinne NM Cupen,21/06/17 08:30:00,https://www.academiadasapostasbrasil.com/stats/match/noruega/kvinne-nm-cupen/byasen/stabaek/2460877,Byåsen,Terminado,1498044600
Bossekop,Noruega - Kvinne NM Cupen,21/06/17 09:00:00,https://www.academiadasapostasbrasil.com/stats/match/noruega/kvinne-nm-cupen/grand-bodo/bossekop/2460878,Grand,Terminado,1498046400
Klepp,Noruega - Kvinne NM Cupen,21/06/17 09:00:00,https://www.academiadasapostasbrasil.com/stats/match/noruega/kvinne-nm-cupen/lyn/klepp/2460879,Lyn,Terminado,1498046400
Tr Ørn,Noruega - Kvinne NM Cupen,21/06/17 10:00:00,https://www.academiadasapostasbrasil.com/stats/match/noruega/kvinne-nm-cupen/tromsdalen/trondheims-orn/2460880,Tromsdalen,Terminado,1498050000
Avaldsnes,Noruega - Kvinne NM Cupen,21/06/17 10:00:00,https://www.academiadasapostasbrasil.com/stats/match/noruega/kvinne-nm-cupen/sandviken/avaldsnes/2460881,Sandviken,Terminado,1498050000
Røa,Noruega - Kvinne NM Cupen,21/06/17 10:00:00,https://www.academiadasapostasbrasil.com/stats/match/noruega/kvinne-nm-cupen/valerenga/roa-il-oslo/2465993,Vålerenga,Terminado,1498050000
Grei,Noruega - Kvinne NM Cupen,21/06/17 10:30:00,https://www.academiadasapostasbrasil.com/stats/match/noruega/kvinne-nm-cupen/lillestrom/grei/2460882,Lillestrøm,Terminado,1498051800
Honka,Finlândia - Ykkönen,21/06/17 09:30:00,https://www.academiadasapostasbrasil.com/stats/match/finlandia/ykkonen/haka-valkeakoski/honka/2401328,Haka,Terminado,1498048200
TPS,Finlândia - Ykkönen,21/06/17 09:30:00,https://www.academiadasapostasbrasil.com/stats/match/finlandia/ykkonen/ekenas-if/turku/2401329,EIF,Terminado,1498048200
MiKi Mikkeli,Finlândia - Kakkonen,21/06/17 09:30:00,https://www.academiadasapostasbrasil.com/stats/match/finlandia/kakkonen/legirus-inter/miki-mikkeli/2404540,Legirus,Terminado,1498048200
Kultsu,Finlândia - Kakkonen,21/06/17 09:30:00,https://www.academiadasapostasbrasil.com/stats/match/finlandia/kakkonen/japs/kultsu/2404541,JäPS,Terminado,1498048200
SalPa,Finlândia - Kakkonen,21/06/17 09:30:00,https://www.academiadasapostasbrasil.com/stats/match/finlandia/kakkonen/fc-espoo/salpa/2404626,Espoo,Terminado,1498048200
MuSa,Finlândia - Kakkonen,21/06/17 09:30:00,https://www.academiadasapostasbrasil.com/stats/match/finlandia/kakkonen/bk-46/musa/2404627,BK-46,Terminado,1498048200
Jazz-j,Finlândia - Kakkonen,21/06/17 09:30:00,https://www.academiadasapostasbrasil.com/stats/match/finlandia/kakkonen/espa/jazz/2404672,EsPa,Terminado,1498048200
Tampere Utd,Finlândia - Kakkonen,21/06/17 09:30:00,https://www.academiadasapostasbrasil.com/stats/match/finlandia/kakkonen/peimari-united/tampere-united/2404673,Peimari Utd,Terminado,1498048200
Klubi-04,Finlândia - Kakkonen,21/06/17 10:00:00,https://www.academiadasapostasbrasil.com/stats/match/finlandia/kakkonen/kiffen/klubi-04/2404542,Kiffen,Terminado,1498050000
Kajaani,Finlândia - Kakkonen,21/06/17 11:00:00,https://www.academiadasapostasbrasil.com/stats/match/finlandia/kakkonen/kraft/kajaani/2404408,Kraft,Terminado,1498053600
Villa Mitre,Argentina - Argentino A,21/06/17 11:00:00,https://www.academiadasapostasbrasil.com/stats/match/argentina/argentino-a/gimnasia-mendoza/villa-mitre/2459944,Gim Mendoza,Terminado,1498053600
Def Belgrano,Argentina - Argentino A,21/06/17 14:00:00,https://www.academiadasapostasbrasil.com/stats/match/argentina/argentino-a/union-sunchales/defensores-belgrano-vr/2459948,Unión Sun,Terminado,1498064400
Cipolletti,Argentina - Argentino A,21/06/17 18:30:00,https://www.academiadasapostasbrasil.com/stats/match/argentina/argentino-a/gimnasia-y-tiro/cipolletti/2459942,Gimnasia Tiro,Terminado,1498080600
The Villages,Estados Unidos - PDL,21/06/17 15:00:00,https://www.academiadasapostasbrasil.com/stats/match/estados-unidos/pdl/palm-beach-suns/the-villages/2418190,Palm Beach Suns,Terminado,1498068000
Lakeland Tropics,Estados Unidos - PDL,21/06/17 16:00:00,https://www.academiadasapostasbrasil.com/stats/match/estados-unidos/pdl/south-florida-surf/lakeland-tropics/2418191,South Florida Surf,Terminado,1498071600
St. Louis,Estados Unidos - PDL,21/06/17 16:30:00,https://www.academiadasapostasbrasil.com/stats/match/estados-unidos/pdl/saint-louis-u23/st-louis-lions/2418192,Springfield Demize,Terminado,1498073400
K-W Utd,Estados Unidos - PDL,21/06/17 17:00:00,https://www.academiadasapostasbrasil.com/stats/match/estados-unidos/pdl/cincinnati-dutch-lions/k-w-united/2418193,Cincinnati Dutch Lions,Terminado,1498075200
Lehigh Valley,Estados Unidos - PDL,21/06/17 17:00:00,https://www.academiadasapostasbrasil.com/stats/match/estados-unidos/pdl/new-york-rb-iii/lehigh-valley-utd-sonic/2418194,New York U23,Terminado,1498075200
Jersey Express,Estados Unidos - PDL,21/06/17 17:30:00,https://www.academiadasapostasbrasil.com/stats/match/estados-unidos/pdl/new-york-magic-fa-euro/jersey-express/2418189,New York Magic - FA Euro,Terminado,1498077000
AC Connecticut,Estados Unidos - PDL,21/06/17 17:30:00,https://www.academiadasapostasbrasil.com/stats/match/estados-unidos/pdl/boston/ac-connecticut/2418195,Boston,Terminado,1498077000
Texas United,Estados Unidos - PDL,21/06/17 18:00:00,https://www.academiadasapostasbrasil.com/stats/match/estados-unidos/pdl/cleburne/texas-united/2417908,Cleburne,Terminado,1498078800
Peachtree City,Estados Unidos - PDL,21/06/17 18:00:00,https://www.academiadasapostasbrasil.com/stats/match/estados-unidos/pdl/nashville-sc-ii/peachtree-city/2418196,Nashville SC II,Terminado,1498078800
Kagoshima Utd,Japão - Copa do Imperador,21/06/17 03:00:00,https://www.academiadasapostasbrasil.com/stats/match/japao/copa-do-imperador/sanfrecce-hiroshima/kagoshima-united/2458957,Sanfrecce,Terminado,1498024800
Maruyasu,Japão - Copa do Imperador,21/06/17 04:00:00,https://www.academiadasapostasbrasil.com/stats/match/japao/copa-do-imperador/kashima-antlers/maruyasu-okazaki/2458929,Kashima,Terminado,1498028400
V-Varen,Japão - Copa do Imperador,21/06/17 04:00:00,https://www.academiadasapostasbrasil.com/stats/match/japao/copa-do-imperador/montedio-yamagata/v-varen-nagasaki/2458930,Montedio,Terminado,1498028400
Iwaki,Japão - Copa do Imperador,21/06/17 04:00:00,https://www.academiadasapostasbrasil.com/stats/match/japao/copa-do-imperador/consadole-sapporo/iwaki/2458931,Consadole,Terminado,1498028400
Giravanz,Japão - Copa do Imperador,21/06/17 04:00:00,https://www.academiadasapostasbrasil.com/stats/match/japao/copa-do-imperador/shimizu-s-pulse/giravanz-kitakyushu/2458932,Shimizu,Terminado,1498028400
Urayasu,Japão - Copa do Imperador,21/06/17 04:00:00,https://www.academiadasapostasbrasil.com/stats/match/japao/copa-do-imperador/kashiwa-reysol/urayasu/2458933,Kashiwa,Terminado,1498028400
Oita,Japão - Copa do Imperador,21/06/17 04:00:00,https://www.academiadasapostasbrasil.com/stats/match/japao/copa-do-imperador/machida-zelvia/oita-trinita/2458934,Machida,Terminado,1498028400
Parceiro,Japão - Copa do Imperador,21/06/17 04:00:00,https://www.academiadasapostasbrasil.com/stats/match/japao/copa-do-imperador/tokyo/parceiro-nagano/2458935,Tokyo,Terminado,1498028400
Imabari,Japão - Copa do Imperador,21/06/17 04:00:00,https://www.academiadasapostasbrasil.com/stats/match/japao/copa-do-imperador/fagiano-okayama/imabari/2458936,Fagiano,Terminado,1498028400
Verspah,Japão - Copa do Imperador,21/06/17 04:00:00,https://www.academiadasapostasbrasil.com/stats/match/japao/copa-do-imperador/gamba-osaka/verspah-oita/2458937,Gamba,Terminado,1498028400
Tokyo Verdy,Japão - Copa do Imperador,21/06/17 04:00:00,https://www.academiadasapostasbrasil.com/stats/match/japao/copa-do-imperador/jef-united/tokyo-verdy/2458938,JEF Utd,Terminado,1498028400
Honda,Japão - Copa do Imperador,21/06/17 04:00:00,https://www.academiadasapostasbrasil.com/stats/match/japao/copa-do-imperador/jubilo-iwata/honda/2458939,Júbilo,Terminado,1498028400
Kokushikan University,Japão - Copa do Imperador,21/06/17 04:00:00,https://www.academiadasapostasbrasil.com/stats/match/japao/copa-do-imperador/shonan-bellmare/kokushikan-university/2458940,Shonan,Terminado,1498028400
Tonan,Japão - Copa do Imperador,21/06/17 04:00:00,https://www.academiadasapostasbrasil.com/stats/match/japao/copa-do-imperador/omiya-ardija/tonan-maebashi/2458941,Omiya,Terminado,1498028400
Kamatamare,Japão - Copa do Imperador,21/06/17 04:00:00,https://www.academiadasapostasbrasil.com/stats/match/japao/copa-do-imperador/ehime/kamatamare-sanuki/2458942,Ehime,Terminado,1498028400
Tsukuba,Japão - Copa do Imperador,21/06/17 04:00:00,https://www.academiadasapostasbrasil.com/stats/match/japao/copa-do-imperador/vegalta-sendai/tsukuba-university/2458943,Vegalta,Terminado,1498028400
Miyazaki Sangyo-keiei,Japão - Copa do Imperador,21/06/17 04:00:00,https://www.academiadasapostasbrasil.com/stats/match/japao/copa-do-imperador/avispa-fukuoka/miyazaki-sangyo-keiei/2458944,Avispa,Terminado,1498028400
Grulla Morioka,Japão - Copa do Imperador,21/06/17 04:00:00,https://www.academiadasapostasbrasil.com/stats/match/japao/copa-do-imperador/urawa-red-diamonds/grulla-morioka/2458945,Urawa,Terminado,1498028400
Kumamoto,Japão - Copa do Imperador,21/06/17 04:00:00,https://www.academiadasapostasbrasil.com/stats/match/japao/copa-do-imperador/mito-hollyhock/roasso-kumamoto/2458946,Mito,Terminado,1498028400
Bundy Onse Kakogawa,Japão - Copa do Imperador,21/06/17 04:00:00,https://www.academiadasapostasbrasil.com/stats/match/japao/copa-do-imperador/albirex-niigata/bundy-onse-kakogawa/2458947,Albirex,Terminado,1498028400
Niigata University,Japão - Copa do Imperador,21/06/17 04:00:00,https://www.academiadasapostasbrasil.com/stats/match/japao/copa-do-imperador/cerezo-osaka/niigata-university/2458948,Cerezo,Terminado,1498028400
Toyama,Japão - Copa do Imperador,21/06/17 04:00:00,https://www.academiadasapostasbrasil.com/stats/match/japao/copa-do-imperador/vissel-kobe/kataller-toyama/2458949,Vissel Kobe,Terminado,1498028400
Yokohama,Japão - Copa do Imperador,21/06/17 04:00:00,https://www.academiadasapostasbrasil.com/stats/match/japao/copa-do-imperador/zweigen-kanazawa/yokohama/2458950,Zweigen,Terminado,1498028400
Osaka,Japão - Copa do Imperador,21/06/17 04:00:00,https://www.academiadasapostasbrasil.com/stats/match/japao/copa-do-imperador/yokohama-f-marinos/osaka/2458951,F Marinos,Terminado,1498028400
Azul Claro Numazu,Japão - Copa do Imperador,21/06/17 04:00:00,https://www.academiadasapostasbrasil.com/stats/match/japao/copa-do-imperador/kyoto-sanga/azul-claro-numazu/2458952,Kyoto,Terminado,1498028400
Tochigi Uva,Japão - Copa do Imperador,21/06/17 04:00:00,https://www.academiadasapostasbrasil.com/stats/match/japao/copa-do-imperador/kawasaki-frontale/tochigi-uva/2458953,Kawasaki,Terminado,1498028400
ThespaKusatsu,Japão - Copa do Imperador,21/06/17 04:00:00,https://www.academiadasapostasbrasil.com/stats/match/japao/copa-do-imperador/renofa-yamaguchi/thespakusatsu-gunma/2458954,Renofa,Terminado,1498028400
Vanraure,Japão - Copa do Imperador,21/06/17 04:00:00,https://www.academiadasapostasbrasil.com/stats/match/japao/copa-do-imperador/ventforet-kofu/vanraure-hachinohe/2458955,Ventforet,Terminado,1498028400
SRC Hiroshima,Japão - Copa do Imperador,21/06/17 04:00:00,https://www.academiadasapostasbrasil.com/stats/match/japao/copa-do-imperador/nagoya-grampus/src-hiroshima/2458956,Nagoya,Terminado,1498028400
Gifu,Japão - Copa do Imperador,21/06/17 04:00:00,https://www.academiadasapostasbrasil.com/stats/match/japao/copa-do-imperador/tokushima-vortis/gifu/2458958,Tokushima,Terminado,1498028400
Matsue City,Japão - Copa do Imperador,21/06/17 04:00:00,https://www.academiadasapostasbrasil.com/stats/match/japao/copa-do-imperador/sagan-tosu/matsue-city/2458959,Sagan,Terminado,1498028400
MD Nagasaki,Japão - Copa do Imperador,21/06/17 04:00:00,https://www.academiadasapostasbrasil.com/stats/match/japao/copa-do-imperador/matsumoto-yamaga/md-nagasaki/2458960,Matsumoto,Terminado,1498028400
Karagandy,Cazaquistão - Copa,21/06/17 07:00:00,https://www.academiadasapostasbrasil.com/stats/match/cazaquistao/copa/atyrau/shakhter-karaganda/2453216,Atyrau,Terminado,1498039200
Ordabasy,Cazaquistão - Copa,21/06/17 07:00:00,https://www.academiadasapostasbrasil.com/stats/match/cazaquistao/copa/kairat-almaty/ordabasy/2453217,Kairat,Terminado,1498039200
Artsul,Brasil - Carioca 2ª Div,21/06/17 12:00:00,https://www.academiadasapostasbrasil.com/stats/match/brasil/carioca-2-div/barra-da-tijuca/artsul/2428444,Barra Tijuca,Terminado,1498057200
Serrano RJ,Brasil - Carioca 2ª Div,21/06/17 12:00:00,https://www.academiadasapostasbrasil.com/stats/match/brasil/carioca-2-div/sao-goncalo-ec-rj/serrano-rj/2428447,São Gonçalo EC,Terminado,1498057200
Barcelona,Brasil - Carioca 2ª Div,21/06/17 12:00:00,https://www.academiadasapostasbrasil.com/stats/match/brasil/carioca-2-div/audax-rio/barcelona/2428449,Audax Rio,Terminado,1498057200
Carapebus,Brasil - Carioca 2ª Div,21/06/17 12:00:00,https://www.academiadasapostasbrasil.com/stats/match/brasil/carioca-2-div/olaria/carapebus/2428450,Olaria,Terminado,1498057200
Americano,Brasil - Carioca 2ª Div,21/06/17 12:00:00,https://www.academiadasapostasbrasil.com/stats/match/brasil/carioca-2-div/queimados/americano/2428451,Queimados,Terminado,1498057200
Macaense,Brasil - Carioca 2ª Div,21/06/17 12:00:00,https://www.academiadasapostasbrasil.com/stats/match/brasil/carioca-2-div/sampaio-correa-rj/serra-macaense/2428453,Sampaio Corrêa,Terminado,1498057200
Iraty,Brasil - Paranaense 2,21/06/17 17:15:00,https://www.academiadasapostasbrasil.com/stats/match/brasil/paranaense-2/operario-pr/iraty/2442715,Operário,Terminado,1498076100
